{"cameraMode":{"drawMode":0,"name":"Shaded","section":"Shading Mode"},"sceneLighting":true,"audioPlay":false,"sceneViewState":{"showFog":true,"showMaterialUpdate":false,"showSkybox":true,"showFlares":true,"showImageEffects":true,"showParticleSystems":true},"in2DMode":false,"pivot":{"x":153.12147521972657,"y":103.67166900634766,"z":135.48995971679688},"rotation":{"x":-0.13240119814872743,"y":-0.8653118014335632,"z":0.37403401732444765,"w":-0.3062882423400879},"size":11.990443229675293,"orthographic":false}