{"cameraMode":{"drawMode":0,"name":"Shaded","section":"Shading Mode"},"sceneLighting":true,"audioPlay":false,"sceneViewState":{"showFog":true,"showMaterialUpdate":false,"showSkybox":false,"showFlares":true,"showImageEffects":true,"showParticleSystems":true},"in2DMode":false,"pivot":{"x":0.001062154769897461,"y":0.2167654186487198,"z":-0.001904308795928955},"rotation":{"x":0.03695229813456535,"y":-0.8985151648521423,"z":0.07699629664421082,"w":0.43073564767837527},"size":0.6507312655448914,"orthographic":false}