{"cameraMode":{"drawMode":0,"name":"Shaded","section":"Shading Mode"},"sceneLighting":false,"audioPlay":false,"sceneViewState":{"showFog":true,"showMaterialUpdate":false,"showSkybox":false,"showFlares":true,"showImageEffects":true,"showParticleSystems":true},"in2DMode":false,"pivot":{"x":0.040475957095623019,"y":0.25784605741500857,"z":-0.008553028106689453},"rotation":{"x":0.06445524096488953,"y":-0.001496880897320807,"z":0.00009668296843301505,"w":0.9979197978973389},"size":1.7144083976745606,"orthographic":false}