{"cameraMode":{"drawMode":0,"name":"Shaded","section":"Shading Mode"},"sceneLighting":false,"audioPlay":false,"sceneViewState":{"showFog":true,"showMaterialUpdate":false,"showSkybox":false,"showFlares":true,"showImageEffects":true,"showParticleSystems":true},"in2DMode":false,"pivot":{"x":-0.0000928044319152832,"y":-0.005221247673034668,"z":0.0},"rotation":{"x":0.0720379576086998,"y":0.9236776828765869,"z":-0.21578474342823029,"w":0.308347225189209},"size":1.2343686819076539,"orthographic":false}