{"cameraMode":{"drawMode":0,"name":"Shaded","section":"Shading Mode"},"sceneLighting":false,"audioPlay":false,"sceneViewState":{"showFog":true,"showMaterialUpdate":false,"showSkybox":false,"showFlares":true,"showImageEffects":true,"showParticleSystems":true},"in2DMode":false,"pivot":{"x":-1.7827636003494263,"y":2.2497410774230959,"z":3.459390878677368},"rotation":{"x":0.0720379576086998,"y":0.9236776828765869,"z":-0.21578474342823029,"w":0.308347225189209},"size":3.900017023086548,"orthographic":false}