{"cameraMode":{"drawMode":0,"name":"Shaded","section":"Shading Mode"},"sceneLighting":true,"audioPlay":false,"sceneViewState":{"showFog":true,"showMaterialUpdate":false,"showSkybox":false,"showFlares":true,"showImageEffects":true,"showParticleSystems":true},"in2DMode":false,"pivot":{"x":73.72000122070313,"y":51.099998474121097,"z":198.97000122070313},"rotation":{"x":0.15793253481388093,"y":0.760816752910614,"z":-0.20149923861026765,"w":0.5963454842567444},"size":0.53379225730896,"orthographic":false}