{"cameraMode":{"drawMode":0,"name":"Shaded","section":"Shading Mode"},"sceneLighting":true,"audioPlay":false,"sceneViewState":{"showFog":true,"showMaterialUpdate":false,"showSkybox":false,"showFlares":true,"showImageEffects":true,"showParticleSystems":true},"in2DMode":false,"pivot":{"x":244.0229949951172,"y":2.309999704360962,"z":141.36399841308595},"rotation":{"x":0.0720379576086998,"y":0.9236776828765869,"z":-0.21578474342823029,"w":0.308347225189209},"size":0.9500061869621277,"orthographic":false}