{"cameraMode":{"drawMode":0,"name":"Shaded","section":"Shading Mode"},"sceneLighting":true,"audioPlay":false,"sceneViewState":{"showFog":true,"showMaterialUpdate":false,"showSkybox":false,"showFlares":true,"showImageEffects":true,"showParticleSystems":true},"in2DMode":false,"pivot":{"x":-2.966604232788086,"y":5.947393894195557,"z":-2.048367500305176},"rotation":{"x":0.054070670157670978,"y":-0.8276073932647705,"z":0.08094816654920578,"w":0.5528092980384827},"size":25.227886199951173,"orthographic":false}