{"cameraMode":{"drawMode":0,"name":"Shaded","section":"Shading Mode"},"sceneLighting":true,"audioPlay":false,"sceneViewState":{"showFog":true,"showMaterialUpdate":false,"showSkybox":false,"showFlares":true,"showImageEffects":true,"showParticleSystems":true},"in2DMode":false,"pivot":{"x":0.36000001430511477,"y":11.997123718261719,"z":4.510000228881836},"rotation":{"x":0.03695229813456535,"y":-0.8985151648521423,"z":0.07699629664421082,"w":0.43073564767837527},"size":1.1629645824432374,"orthographic":false}