{"cameraMode":{"drawMode":0,"name":"Shaded","section":"Shading Mode"},"sceneLighting":true,"audioPlay":false,"sceneViewState":{"showFog":true,"showMaterialUpdate":false,"showSkybox":false,"showFlares":true,"showImageEffects":true,"showParticleSystems":true},"in2DMode":false,"pivot":{"x":0.0028672218322753908,"y":2.1700000762939455,"z":9.5367431640625e-7},"rotation":{"x":0.3966985046863556,"y":-0.1094767153263092,"z":0.04772751033306122,"w":0.9101879000663757},"size":4.685698986053467,"orthographic":false}