{"cameraMode":{"drawMode":0,"name":"Shaded","section":"Shading Mode"},"sceneLighting":true,"audioPlay":false,"sceneViewState":{"showFog":true,"showMaterialUpdate":false,"showSkybox":false,"showFlares":true,"showImageEffects":true,"showParticleSystems":true},"in2DMode":false,"pivot":{"x":73.72000122070313,"y":51.099998474121097,"z":198.97000122070313},"rotation":{"x":0.09103058278560639,"y":0.7989957928657532,"z":-0.12517352402210236,"w":0.5810895562171936},"size":0.53379225730896,"orthographic":false}