{"cameraMode":{"drawMode":0,"name":"Shaded","section":"Shading Mode"},"sceneLighting":true,"audioPlay":false,"sceneViewState":{"showFog":true,"showMaterialUpdate":false,"showSkybox":false,"showFlares":true,"showImageEffects":true,"showParticleSystems":true},"in2DMode":false,"pivot":{"x":-4.6348571913767957e-7,"y":1.6710892915725709,"z":9.269714382753591e-7},"rotation":{"x":0.15197351574897767,"y":0.7745258808135986,"z":-0.20314042270183564,"w":0.5794374942779541},"size":3.043576240539551,"orthographic":false}